matriz,linhas,colunas,densidade,versao,trabalhadores,blocos,repeticao,tempo_ms,objetos,resultado_correto
exemplo5,12,12,-,sequencial,1,-,1,0.004,7,true
exemplo5,12,12,-,paralela,1,2x2,1,0.100,7,true
exemplo5,12,12,-,paralela,2,4x4,1,0.084,7,true
exemplo5,12,12,-,paralela,4,8x8,1,0.164,7,true
exemplo5,12,12,-,paralela,8,12x12,1,0.308,7,true
exemplo5,12,12,-,sequencial,1,-,2,0.003,7,true
exemplo5,12,12,-,paralela,1,2x2,2,0.077,7,true
exemplo5,12,12,-,paralela,2,4x4,2,0.104,7,true
exemplo5,12,12,-,paralela,4,8x8,2,0.147,7,true
exemplo5,12,12,-,paralela,8,12x12,2,0.593,7,true
exemplo5,12,12,-,sequencial,1,-,3,0.003,7,true
exemplo5,12,12,-,paralela,1,2x2,3,0.107,7,true
exemplo5,12,12,-,paralela,2,4x4,3,0.082,7,true
exemplo5,12,12,-,paralela,4,8x8,3,0.130,7,true
exemplo5,12,12,-,paralela,8,12x12,3,0.275,7,true
exemplo5,12,12,-,sequencial,1,-,4,0.003,7,true
exemplo5,12,12,-,paralela,1,2x2,4,0.082,7,true
exemplo5,12,12,-,paralela,2,4x4,4,0.083,7,true
exemplo5,12,12,-,paralela,4,8x8,4,0.115,7,true
exemplo5,12,12,-,paralela,8,12x12,4,0.224,7,true
exemplo5,12,12,-,sequencial,1,-,5,0.003,7,true
exemplo5,12,12,-,paralela,1,2x2,5,0.080,7,true
exemplo5,12,12,-,paralela,2,4x4,5,0.067,7,true
exemplo5,12,12,-,paralela,4,8x8,5,0.127,7,true
exemplo5,12,12,-,paralela,8,12x12,5,0.227,7,true
exemplo5,12,12,-,sequencial,1,-,6,0.003,7,true
exemplo5,12,12,-,paralela,1,2x2,6,0.075,7,true
exemplo5,12,12,-,paralela,2,4x4,6,0.084,7,true
exemplo5,12,12,-,paralela,4,8x8,6,0.131,7,true
exemplo5,12,12,-,paralela,8,12x12,6,0.206,7,true
exemplo5,12,12,-,sequencial,1,-,7,0.003,7,true
exemplo5,12,12,-,paralela,1,2x2,7,0.077,7,true
exemplo5,12,12,-,paralela,2,4x4,7,0.082,7,true
exemplo5,12,12,-,paralela,4,8x8,7,0.177,7,true
exemplo5,12,12,-,paralela,8,12x12,7,0.224,7,true
exemplo5,12,12,-,sequencial,1,-,8,0.003,7,true
exemplo5,12,12,-,paralela,1,2x2,8,0.080,7,true
exemplo5,12,12,-,paralela,2,4x4,8,0.071,7,true
exemplo5,12,12,-,paralela,4,8x8,8,0.187,7,true
exemplo5,12,12,-,paralela,8,12x12,8,0.212,7,true
exemplo5,12,12,-,sequencial,1,-,9,0.003,7,true
exemplo5,12,12,-,paralela,1,2x2,9,0.070,7,true
exemplo5,12,12,-,paralela,2,4x4,9,0.087,7,true
exemplo5,12,12,-,paralela,4,8x8,9,0.168,7,true
exemplo5,12,12,-,paralela,8,12x12,9,0.244,7,true
exemplo5,12,12,-,sequencial,1,-,10,0.003,7,true
exemplo5,12,12,-,paralela,1,2x2,10,0.067,7,true
exemplo5,12,12,-,paralela,2,4x4,10,0.092,7,true
exemplo5,12,12,-,paralela,4,8x8,10,0.094,7,true
exemplo5,12,12,-,paralela,8,12x12,10,0.242,7,true
exemplo5,12,12,-,sequencial,1,-,11,0.003,7,true
exemplo5,12,12,-,paralela,1,2x2,11,0.073,7,true
exemplo5,12,12,-,paralela,2,4x4,11,0.071,7,true
exemplo5,12,12,-,paralela,4,8x8,11,0.139,7,true
exemplo5,12,12,-,paralela,8,12x12,11,0.198,7,true
exemplo5,12,12,-,sequencial,1,-,12,0.002,7,true
exemplo5,12,12,-,paralela,1,2x2,12,0.076,7,true
exemplo5,12,12,-,paralela,2,4x4,12,0.071,7,true
exemplo5,12,12,-,paralela,4,8x8,12,0.145,7,true
exemplo5,12,12,-,paralela,8,12x12,12,0.239,7,true
exemplo5,12,12,-,sequencial,1,-,13,0.003,7,true
exemplo5,12,12,-,paralela,1,2x2,13,0.064,7,true
exemplo5,12,12,-,paralela,2,4x4,13,0.078,7,true
exemplo5,12,12,-,paralela,4,8x8,13,0.117,7,true
exemplo5,12,12,-,paralela,8,12x12,13,0.239,7,true
exemplo5,12,12,-,sequencial,1,-,14,0.003,7,true
exemplo5,12,12,-,paralela,1,2x2,14,0.070,7,true
exemplo5,12,12,-,paralela,2,4x4,14,0.073,7,true
exemplo5,12,12,-,paralela,4,8x8,14,0.117,7,true
exemplo5,12,12,-,paralela,8,12x12,14,0.190,7,true
exemplo5,12,12,-,sequencial,1,-,15,0.003,7,true
exemplo5,12,12,-,paralela,1,2x2,15,0.063,7,true
exemplo5,12,12,-,paralela,2,4x4,15,0.106,7,true
exemplo5,12,12,-,paralela,4,8x8,15,0.197,7,true
exemplo5,12,12,-,paralela,8,12x12,15,0.221,7,true
exemplo5,12,12,-,sequencial,1,-,16,0.003,7,true
exemplo5,12,12,-,paralela,1,2x2,16,0.071,7,true
exemplo5,12,12,-,paralela,2,4x4,16,0.093,7,true
exemplo5,12,12,-,paralela,4,8x8,16,0.132,7,true
exemplo5,12,12,-,paralela,8,12x12,16,0.195,7,true
exemplo5,12,12,-,sequencial,1,-,17,0.002,7,true
exemplo5,12,12,-,paralela,1,2x2,17,0.065,7,true
exemplo5,12,12,-,paralela,2,4x4,17,0.085,7,true
exemplo5,12,12,-,paralela,4,8x8,17,0.120,7,true
exemplo5,12,12,-,paralela,8,12x12,17,0.196,7,true
exemplo5,12,12,-,sequencial,1,-,18,0.003,7,true
exemplo5,12,12,-,paralela,1,2x2,18,0.071,7,true
exemplo5,12,12,-,paralela,2,4x4,18,0.244,7,true
exemplo5,12,12,-,paralela,4,8x8,18,0.107,7,true
exemplo5,12,12,-,paralela,8,12x12,18,0.225,7,true
exemplo5,12,12,-,sequencial,1,-,19,0.003,7,true
exemplo5,12,12,-,paralela,1,2x2,19,0.068,7,true
exemplo5,12,12,-,paralela,2,4x4,19,0.117,7,true
exemplo5,12,12,-,paralela,4,8x8,19,0.143,7,true
exemplo5,12,12,-,paralela,8,12x12,19,0.214,7,true
exemplo5,12,12,-,sequencial,1,-,20,0.004,7,true
exemplo5,12,12,-,paralela,1,2x2,20,0.074,7,true
exemplo5,12,12,-,paralela,2,4x4,20,0.070,7,true
exemplo5,12,12,-,paralela,4,8x8,20,0.134,7,true
exemplo5,12,12,-,paralela,8,12x12,20,0.176,7,true
